﻿<?xml version="1.0" encoding="utf-8"?>
<doc>
  <assembly>
    <name>System.Diagnostics.Debug</name>
  </assembly>
  <members>
    <member name="T:System.Diagnostics.Debug">
      <summary>Provides a set of methods and properties that help debug your code. This class cannot be inherited.</summary>
      <filterpriority>1</filterpriority>
    </member>
    <member name="M:System.Diagnostics.Debug.Assert(System.Boolean)">
      <summary>Checks for a condition; if the condition is false, displays a message box that shows the call stack.</summary>
      <param name="condition">The conditional expression to evaluate. If the condition is true, a failure message is not sent and the message box is not displayed.</param>
      <filterpriority>1</filterpriority>
      <PermissionSet>
        <IPermission class="System.Security.Permissions.FileIOPermission, mscorlib, Version=2.0.3600.0, Culture=neutral, PublicKeyToken=b77a5c561934e089" version="1" Unrestricted="true" />
        <IPermission class="System.Security.Permissions.SecurityPermission, mscorlib, Version=2.0.3600.0, Culture=neutral, PublicKeyToken=b77a5c561934e089" version="1" Flags="ControlEvidence" />
      </PermissionSet>
    </member>
    <member name="M:System.Diagnostics.Debug.Assert(System.Boolean,System.String)">
      <summary>Checks for a condition; if the condition is false, outputs a specified message and displays a message box that shows the call stack.</summary>
      <param name="condition">The conditional expression to evaluate. If the condition is true, the specified message is not sent and the message box is not displayed.  </param>
      <param name="message">The message to send to the <see cref="P:System.Diagnostics.Trace.Listeners" /> collection. </param>
      <filterpriority>1</filterpriority>
      <PermissionSet>
        <IPermission class="System.Security.Permissions.FileIOPermission, mscorlib, Version=2.0.3600.0, Culture=neutral, PublicKeyToken=b77a5c561934e089" version="1" Unrestricted="true" />
        <IPermission class="System.Security.Permissions.SecurityPermission, mscorlib, Version=2.0.3600.0, Culture=neutral, PublicKeyToken=b77a5c561934e089" version="1" Flags="ControlEvidence" />
      </PermissionSet>
    </member>
    <member name="M:System.Diagnostics.Debug.WriteLine(System.Object)">
      <summary>Writes the value of the object's <see cref="M:System.Object.ToString" /> method to the trace listeners in the <see cref="P:System.Diagnostics.Debug.Listeners" /> collection.</summary>
      <param name="value">An object whose name is sent to the <see cref="P:System.Diagnostics.Debug.Listeners" />. </param>
      <filterpriority>2</filterpriority>
      <PermissionSet>
        <IPermission class="System.Security.Permissions.FileIOPermission, mscorlib, Version=2.0.3600.0, Culture=neutral, PublicKeyToken=b77a5c561934e089" version="1" Unrestricted="true" />
        <IPermission class="System.Security.Permissions.SecurityPermission, mscorlib, Version=2.0.3600.0, Culture=neutral, PublicKeyToken=b77a5c561934e089" version="1" Flags="ControlEvidence" />
      </PermissionSet>
    </member>
    <member name="M:System.Diagnostics.Debug.WriteLine(System.String)">
      <summary>Writes a message followed by a line terminator to the trace listeners in the <see cref="P:System.Diagnostics.Debug.Listeners" /> collection.</summary>
      <param name="message">A message to write. </param>
      <filterpriority>2</filterpriority>
      <PermissionSet>
        <IPermission class="System.Security.Permissions.FileIOPermission, mscorlib, Version=2.0.3600.0, Culture=neutral, PublicKeyToken=b77a5c561934e089" version="1" Unrestricted="true" />
        <IPermission class="System.Security.Permissions.SecurityPermission, mscorlib, Version=2.0.3600.0, Culture=neutral, PublicKeyToken=b77a5c561934e089" version="1" Flags="ControlEvidence" />
      </PermissionSet>
    </member>
    <member name="M:System.Diagnostics.Debug.WriteLine(System.String,System.Object[])">
      <summary>Writes a formatted message followed by a line terminator to the trace listeners in the <see cref="P:System.Diagnostics.Debug.Listeners" /> collection.</summary>
      <param name="format">A composite format string (see Remarks) that contains text intermixed with zero or more format items, which correspond to objects in the <paramref name="args" /> array.</param>
      <param name="args">An object array that contains zero or more objects to format. </param>
    </member>
    <member name="M:System.Diagnostics.Debug.WriteLineIf(System.Boolean,System.String)">
      <summary>Writes a message to the trace listeners in the <see cref="P:System.Diagnostics.Debug.Listeners" /> collection if a condition is true.</summary>
      <param name="condition">The conditional expression to evaluate. If the condition is true, the message is written to the trace listeners in the collection.</param>
      <param name="message">A message to write. </param>
      <filterpriority>2</filterpriority>
      <PermissionSet>
        <IPermission class="System.Security.Permissions.FileIOPermission, mscorlib, Version=2.0.3600.0, Culture=neutral, PublicKeyToken=b77a5c561934e089" version="1" Unrestricted="true" />
        <IPermission class="System.Security.Permissions.SecurityPermission, mscorlib, Version=2.0.3600.0, Culture=neutral, PublicKeyToken=b77a5c561934e089" version="1" Flags="ControlEvidence" />
      </PermissionSet>
    </member>
    <member name="T:System.Diagnostics.Debugger">
      <summary>Enables communication with a debugger. This class cannot be inherited.</summary>
      <filterpriority>1</filterpriority>
    </member>
    <member name="M:System.Diagnostics.Debugger.Break">
      <summary>Signals a breakpoint to an attached debugger.</summary>
      <exception cref="T:System.Security.SecurityException">The <see cref="T:System.Security.Permissions.UIPermission" /> is not set to break into the debugger. </exception>
      <filterpriority>1</filterpriority>
      <PermissionSet>
        <IPermission class="System.Security.Permissions.UIPermission, mscorlib, Version=2.0.3600.0, Culture=neutral, PublicKeyToken=b77a5c561934e089" version="1" Unrestricted="true" />
      </PermissionSet>
    </member>
    <member name="P:System.Diagnostics.Debugger.IsAttached">
      <summary>Gets a value that indicates whether a debugger is attached to the process.</summary>
      <returns>true if a debugger is attached; otherwise, false.</returns>
      <filterpriority>1</filterpriority>
    </member>
    <member name="M:System.Diagnostics.Debugger.Launch">
      <summary>Launches and attaches a debugger to the process.</summary>
      <returns>true if the startup is successful or if the debugger is already attached; otherwise, false.</returns>
      <exception cref="T:System.Security.SecurityException">The <see cref="T:System.Security.Permissions.UIPermission" /> is not set to start the debugger. </exception>
      <filterpriority>1</filterpriority>
      <PermissionSet>
        <IPermission class="System.Security.Permissions.UIPermission, mscorlib, Version=2.0.3600.0, Culture=neutral, PublicKeyToken=b77a5c561934e089" version="1" Unrestricted="true" />
      </PermissionSet>
    </member>
    <member name="T:System.Diagnostics.DebuggerBrowsableAttribute">
      <summary>Determines if and how a member is displayed in the debugger variable windows. This class cannot be inherited.</summary>
      <filterpriority>1</filterpriority>
    </member>
    <member name="M:System.Diagnostics.DebuggerBrowsableAttribute.#ctor(System.Diagnostics.DebuggerBrowsableState)">
      <summary>Initializes a new instance of the <see cref="T:System.Diagnostics.DebuggerBrowsableAttribute" /> class. </summary>
      <param name="state">One of the <see cref="T:System.Diagnostics.DebuggerBrowsableState" /> values that specifies how to display the member.</param>
      <exception cref="T:System.ArgumentOutOfRangeException">
        <paramref name="state" /> is not one of the <see cref="T:System.Diagnostics.DebuggerBrowsableState" /> values.</exception>
    </member>
    <member name="P:System.Diagnostics.DebuggerBrowsableAttribute.State">
      <summary>Gets the display state for the attribute.</summary>
      <returns>One of the <see cref="T:System.Diagnostics.DebuggerBrowsableState" /> values.</returns>
      <filterpriority>2</filterpriority>
    </member>
    <member name="T:System.Diagnostics.DebuggerBrowsableState">
      <summary>Provides display instructions for the debugger.</summary>
      <filterpriority>2</filterpriority>
    </member>
    <member name="F:System.Diagnostics.DebuggerBrowsableState.Collapsed">
      <summary>Show the element as collapsed.</summary>
    </member>
    <member name="F:System.Diagnostics.DebuggerBrowsableState.Never">
      <summary>Never show the element.</summary>
    </member>
    <member name="F:System.Diagnostics.DebuggerBrowsableState.RootHidden">
      <summary>Do not display the root element; display the child elements if the element is a collection or array of items.</summary>
    </member>
    <member name="T:System.Diagnostics.DebuggerDisplayAttribute">
      <summary>Determines how a class or field is displayed in the debugger variable windows.</summary>
      <filterpriority>1</filterpriority>
    </member>
    <member name="M:System.Diagnostics.DebuggerDisplayAttribute.#ctor(System.String)">
      <summary>Initializes a new instance of the <see cref="T:System.Diagnostics.DebuggerDisplayAttribute" /> class. </summary>
      <param name="value">The string to be displayed in the value column for instances of the type; an empty string ("") causes the value column to be hidden.</param>
    </member>
    <member name="P:System.Diagnostics.DebuggerDisplayAttribute.Name">
      <summary>Gets or sets the name to display in the debugger variable windows.</summary>
      <returns>The name to display in the debugger variable windows.</returns>
      <filterpriority>2</filterpriority>
    </member>
    <member name="P:System.Diagnostics.DebuggerDisplayAttribute.Target">
      <summary>Gets or sets the type of the attribute's target.</summary>
      <returns>The attribute's target type.</returns>
      <exception cref="T:System.ArgumentNullException">
        <see cref="P:System.Diagnostics.DebuggerDisplayAttribute.Target" /> is set to null.</exception>
      <filterpriority>2</filterpriority>
    </member>
    <member name="P:System.Diagnostics.DebuggerDisplayAttribute.TargetTypeName">
      <summary>Gets or sets the type name of the attribute's target.</summary>
      <returns>The name of the attribute's target type.</returns>
      <filterpriority>2</filterpriority>
    </member>
    <member name="P:System.Diagnostics.DebuggerDisplayAttribute.Type">
      <summary>Gets or sets the string to display in the type column of the debugger variable windows.</summary>
      <returns>The string to display in the type column of the debugger variable windows.</returns>
      <filterpriority>2</filterpriority>
    </member>
    <member name="P:System.Diagnostics.DebuggerDisplayAttribute.Value">
      <summary>Gets the string to display in the value column of the debugger variable windows.</summary>
      <returns>The string to display in the value column of the debugger variable.</returns>
      <filterpriority>2</filterpriority>
    </member>
    <member name="T:System.Diagnostics.DebuggerHiddenAttribute">
      <summary>Specifies the <see cref="T:System.Diagnostics.DebuggerHiddenAttribute" />. This class cannot be inherited.</summary>
      <filterpriority>1</filterpriority>
    </member>
    <member name="M:System.Diagnostics.DebuggerHiddenAttribute.#ctor">
      <summary>Initializes a new instance of the <see cref="T:System.Diagnostics.DebuggerHiddenAttribute" /> class. </summary>
    </member>
    <member name="T:System.Diagnostics.DebuggerNonUserCodeAttribute">
      <summary>Identifies a type or member that is not part of the user code for an application.</summary>
      <filterpriority>1</filterpriority>
    </member>
    <member name="M:System.Diagnostics.DebuggerNonUserCodeAttribute.#ctor">
      <summary>Initializes a new instance of the <see cref="T:System.Diagnostics.DebuggerNonUserCodeAttribute" /> class. </summary>
    </member>
    <member name="T:System.Diagnostics.DebuggerStepThroughAttribute">
      <summary>Instructs the debugger to step through the code instead of stepping into the code. This class cannot be inherited.</summary>
      <filterpriority>1</filterpriority>
    </member>
    <member name="M:System.Diagnostics.DebuggerStepThroughAttribute.#ctor">
      <summary>Initializes a new instance of the <see cref="T:System.Diagnostics.DebuggerStepThroughAttribute" /> class. </summary>
    </member>
    <member name="T:System.Diagnostics.DebuggerTypeProxyAttribute">
      <summary>Specifies the display proxy for a type.</summary>
      <filterpriority>1</filterpriority>
    </member>
    <member name="M:System.Diagnostics.DebuggerTypeProxyAttribute.#ctor(System.String)">
      <summary>Initializes a new instance of the <see cref="T:System.Diagnostics.DebuggerTypeProxyAttribute" /> class using the type name of the proxy. </summary>
      <param name="typeName">The type name of the proxy type.</param>
    </member>
    <member name="M:System.Diagnostics.DebuggerTypeProxyAttribute.#ctor(System.Type)">
      <summary>Initializes a new instance of the <see cref="T:System.Diagnostics.DebuggerTypeProxyAttribute" /> class using the type of the proxy. </summary>
      <param name="type">The proxy type.</param>
      <exception cref="T:System.ArgumentNullException">
        <paramref name="type" /> is null.</exception>
    </member>
    <member name="P:System.Diagnostics.DebuggerTypeProxyAttribute.ProxyTypeName">
      <summary>Gets the type name of the proxy type. </summary>
      <returns>The type name of the proxy type.</returns>
      <filterpriority>2</filterpriority>
    </member>
    <member name="P:System.Diagnostics.DebuggerTypeProxyAttribute.Target">
      <summary>Gets or sets the target type for the attribute.</summary>
      <returns>The target type for the attribute.</returns>
      <exception cref="T:System.ArgumentNullException">
        <see cref="P:System.Diagnostics.DebuggerTypeProxyAttribute.Target" /> is set to null.</exception>
      <filterpriority>2</filterpriority>
    </member>
    <member name="P:System.Diagnostics.DebuggerTypeProxyAttribute.TargetTypeName">
      <summary>Gets or sets the name of the target type.</summary>
      <returns>The name of the target type.</returns>
      <filterpriority>2</filterpriority>
    </member>
  </members>
</doc>