﻿<?xml version="1.0" encoding="utf-8"?>
<doc>
  <assembly>
    <name>System.Resources.ResourceManager</name>
  </assembly>
  <members>
    <member name="T:System.Resources.MissingManifestResourceException">
      <summary>The exception that is thrown if the main assembly does not contain the resources for the neutral culture, and an appropriate satellite assembly is missing.</summary>
    </member>
    <member name="M:System.Resources.MissingManifestResourceException.#ctor">
      <summary>Initializes a new instance of the <see cref="T:System.Resources.MissingManifestResourceException" /> class with default properties.</summary>
    </member>
    <member name="M:System.Resources.MissingManifestResourceException.#ctor(System.String)">
      <summary>Initializes a new instance of the <see cref="T:System.Resources.MissingManifestResourceException" /> class with the specified error message.</summary>
      <param name="message">The error message that explains the reason for the exception. </param>
    </member>
    <member name="M:System.Resources.MissingManifestResourceException.#ctor(System.String,System.Exception)">
      <summary>Initializes a new instance of the <see cref="T:System.Resources.MissingManifestResourceException" /> class with a specified error message and a reference to the inner exception that is the cause of this exception.</summary>
      <param name="message">The error message that explains the reason for the exception. </param>
      <param name="inner">The exception that is the cause of the current exception. If the <paramref name="inner" /> parameter is not null, the current exception is raised in a catch block that handles the inner exception. </param>
    </member>
    <member name="T:System.Resources.NeutralResourcesLanguageAttribute">
      <summary>Informs the resource manager of an app's default culture. This class cannot be inherited.</summary>
    </member>
    <member name="M:System.Resources.NeutralResourcesLanguageAttribute.#ctor(System.String)">
      <summary>Initializes a new instance of the <see cref="T:System.Resources.NeutralResourcesLanguageAttribute" /> class.</summary>
      <param name="cultureName">The name of the culture that the current assembly's neutral resources were written in. </param>
      <exception cref="T:System.ArgumentNullException">The <paramref name="cultureName" /> parameter is null. </exception>
    </member>
    <member name="P:System.Resources.NeutralResourcesLanguageAttribute.CultureName">
      <summary>Gets the culture name.</summary>
      <returns>The name of the default culture for the main assembly.</returns>
    </member>
    <member name="T:System.Resources.ResourceManager">
      <summary>Represents a resource manager that provides convenient access to culture-specific resources at run time.</summary>
    </member>
    <member name="M:System.Resources.ResourceManager.#ctor(System.String,System.Reflection.Assembly)">
      <summary>Initializes a new instance of the <see cref="T:System.Resources.ResourceManager" /> class that looks up resources contained in files with the specified root name in the given assembly.</summary>
      <param name="baseName">The root name of the resource file without its extension but including any fully qualified namespace name. For example, the root name for the resource file named MyApplication.MyResource.en-US.resources is MyApplication.MyResource. </param>
      <param name="assembly">The main assembly for the resources. </param>
      <exception cref="T:System.ArgumentNullException">The <paramref name="baseName" /> or <paramref name="assembly" /> parameter is null. </exception>
    </member>
    <member name="M:System.Resources.ResourceManager.#ctor(System.Type)">
      <summary>Initializes a new instance of the <see cref="T:System.Resources.ResourceManager" /> class that looks up resources in satellite assemblies based on information from the specified type object.</summary>
      <param name="resourceSource">A type from which the resource manager derives all information for finding .resources files. </param>
      <exception cref="T:System.ArgumentNullException">The <paramref name="resourceSource" /> parameter is null. </exception>
    </member>
    <member name="M:System.Resources.ResourceManager.GetString(System.String)">
      <summary>Returns the value of the specified string resource.</summary>
      <returns>The value of the resource localized for the caller's current UI culture, or null if <paramref name="name" /> cannot be found in a resource set.</returns>
      <param name="name">The name of the resource to retrieve. </param>
      <exception cref="T:System.ArgumentNullException">The <paramref name="name" /> parameter is null. </exception>
      <exception cref="T:System.InvalidOperationException">The value of the specified resource is not a string. </exception>
      <exception cref="T:System.Resources.MissingManifestResourceException">No usable set of resources has been found, and there are no resources for the default culture. For information about how to handle this exception, see the "Handling MissingManifestResourceException and MissingSatelliteAssemblyException Exceptions" section in the <see cref="T:System.Resources.ResourceManager" /> class topic. </exception>
      <exception cref="T:System.Resources.MissingSatelliteAssemblyException">The default culture's resources reside in a satellite assembly that could not be found. For information about how to handle this exception, see the "Handling MissingManifestResourceException and MissingSatelliteAssemblyException Exceptions" section in the <see cref="T:System.Resources.ResourceManager" /> class topic.</exception>
    </member>
    <member name="M:System.Resources.ResourceManager.GetString(System.String,System.Globalization.CultureInfo)">
      <summary>Returns the value of the string resource localized for the specified culture.</summary>
      <returns>The value of the resource localized for the specified culture, or null if <paramref name="name" /> cannot be found in a resource set.</returns>
      <param name="name">The name of the resource to retrieve. </param>
      <param name="culture">An object that represents the culture for which the resource is localized. </param>
      <exception cref="T:System.ArgumentNullException">The <paramref name="name" /> parameter is null. </exception>
      <exception cref="T:System.InvalidOperationException">The value of the specified resource is not a string. </exception>
      <exception cref="T:System.Resources.MissingManifestResourceException">No usable set of resources has been found, and there are no resources for a default culture. For information about how to handle this exception, see the "Handling MissingManifestResourceException and MissingSatelliteAssemblyException Exceptions" section in the <see cref="T:System.Resources.ResourceManager" /> class topic. </exception>
      <exception cref="T:System.Resources.MissingSatelliteAssemblyException">The default culture's resources reside in a satellite assembly that could not be found. For information about how to handle this exception, see the "Handling MissingManifestResourceException and MissingSatelliteAssemblyException Exceptions" section in the <see cref="T:System.Resources.ResourceManager" /> class topic.</exception>
    </member>
    <member name="T:System.Resources.SatelliteContractVersionAttribute">
      <summary>Instructs a <see cref="T:System.Resources.ResourceManager" /> object to ask for a particular version of a satellite assembly.</summary>
    </member>
    <member name="M:System.Resources.SatelliteContractVersionAttribute.#ctor(System.String)">
      <summary>Initializes a new instance of the <see cref="T:System.Resources.SatelliteContractVersionAttribute" /> class.</summary>
      <param name="version">A string that specifies the version of the satellite assemblies to load. </param>
      <exception cref="T:System.ArgumentNullException">The <paramref name="version" /> parameter is null. </exception>
    </member>
    <member name="P:System.Resources.SatelliteContractVersionAttribute.Version">
      <summary>Gets the version of the satellite assemblies with the required resources.</summary>
      <returns>A string that contains the version of the satellite assemblies with the required resources.</returns>
    </member>
  </members>
</doc>