﻿<?xml version="1.0" encoding="utf-8"?>
<doc>
  <assembly>
    <name>PresentationFramework.Royale</name>
  </assembly>
  <members>
    <member name="T:Microsoft.Windows.Themes.BulletChrome">
      <summary>Creates the theme-specific look for Windows Presentation Foundation (WPF) <see cref="P:System.Windows.Controls.Primitives.BulletDecorator.Bullet" /> elements. A <see cref="P:System.Windows.Controls.Primitives.BulletDecorator.Bullet" /> defines the appearance of <see cref="T:System.Windows.Controls.CheckBox" /> and <see cref="T:System.Windows.Controls.RadioButton" /> elements.</summary>
    </member>
    <member name="M:Microsoft.Windows.Themes.BulletChrome.#ctor">
      <summary>Initializes a new instance of the <see cref="T:Microsoft.Windows.Themes.BulletChrome" /> class.</summary>
    </member>
    <member name="P:Microsoft.Windows.Themes.BulletChrome.Background">
      <summary>Gets or sets the brush used to fill the background of the <see cref="P:System.Windows.Controls.Primitives.BulletDecorator.Bullet" />. This is a dependency property. </summary>
      <returns>The brush used to fill the background of the <see cref="P:System.Windows.Controls.Primitives.BulletDecorator.Bullet" />.</returns>
    </member>
    <member name="F:Microsoft.Windows.Themes.BulletChrome.BackgroundProperty">
      <summary>Identifies the <see cref="P:Microsoft.Windows.Themes.BulletChrome.Background" /> dependency property.</summary>
      <returns>The identifier for the <see cref="P:Microsoft.Windows.Themes.BulletChrome.Background" /> dependency property.</returns>
    </member>
    <member name="P:Microsoft.Windows.Themes.BulletChrome.BorderBrush">
      <summary>Gets or sets the brush used to draw the outer border of the <see cref="P:System.Windows.Controls.Primitives.BulletDecorator.Bullet" />. This is a dependency property. </summary>
      <returns>The brush used to draw the outer border of the <see cref="P:System.Windows.Controls.Primitives.BulletDecorator.Bullet" />.</returns>
    </member>
    <member name="F:Microsoft.Windows.Themes.BulletChrome.BorderBrushProperty">
      <summary>Identifies the <see cref="P:Microsoft.Windows.Themes.BulletChrome.BorderBrush" /> dependency property.</summary>
      <returns>The identifier for the <see cref="P:Microsoft.Windows.Themes.BulletChrome.BorderBrush" /> dependency property.</returns>
    </member>
    <member name="P:Microsoft.Windows.Themes.BulletChrome.BorderThickness">
      <summary>Gets or sets the thickness used to draw the outer border of the <see cref="P:System.Windows.Controls.Primitives.BulletDecorator.Bullet" />. This is a dependency property. </summary>
      <returns>The thickness used to draw the border of the <see cref="P:System.Windows.Controls.Primitives.BulletDecorator.Bullet" />.</returns>
    </member>
    <member name="F:Microsoft.Windows.Themes.BulletChrome.BorderThicknessProperty">
      <summary>Identifies the <see cref="P:Microsoft.Windows.Themes.BulletChrome.BorderThickness" /> dependency property.</summary>
      <returns>The identifier for the <see cref="P:Microsoft.Windows.Themes.BulletChrome.BorderThickness" /> dependency property.</returns>
    </member>
    <member name="P:Microsoft.Windows.Themes.BulletChrome.IsChecked">
      <summary>Gets or sets a value indicating whether the <see cref="P:System.Windows.Controls.Primitives.BulletDecorator.Bullet" /> is checked. This is a dependency property. </summary>
      <returns>true if the <see cref="P:System.Windows.Controls.Primitives.BulletDecorator.Bullet" /> is checked; false if the <see cref="P:System.Windows.Controls.Primitives.BulletDecorator.Bullet" /> is not checked; otherwise, null.</returns>
    </member>
    <member name="F:Microsoft.Windows.Themes.BulletChrome.IsCheckedProperty">
      <summary>Identifies the <see cref="P:Microsoft.Windows.Themes.BulletChrome.IsChecked" /> dependency property.</summary>
      <returns>The identifier for the <see cref="P:Microsoft.Windows.Themes.BulletChrome.IsChecked" /> dependency property.</returns>
    </member>
    <member name="P:Microsoft.Windows.Themes.BulletChrome.IsRound">
      <summary>Gets or sets a value indicating whether the <see cref="P:System.Windows.Controls.Primitives.BulletDecorator.Bullet" /> has round corners.  This is a dependency property. </summary>
      <returns>true if the <see cref="P:System.Windows.Controls.Primitives.BulletDecorator.Bullet" /> has round corners; otherwise false.</returns>
    </member>
    <member name="F:Microsoft.Windows.Themes.BulletChrome.IsRoundProperty">
      <summary>Identifies the <see cref="P:Microsoft.Windows.Themes.BulletChrome.IsRound" /> dependency property.</summary>
      <returns>The identifier for the <see cref="P:Microsoft.Windows.Themes.BulletChrome.IsRound" /> dependency property.</returns>
    </member>
    <member name="P:Microsoft.Windows.Themes.BulletChrome.RenderMouseOver">
      <summary>Gets or sets a value indicating whether the <see cref="P:System.Windows.Controls.Primitives.BulletDecorator.Bullet" /> appears as if the mouse is over it. This is a dependency property. </summary>
      <returns>true if the <see cref="P:System.Windows.Controls.Primitives.BulletDecorator.Bullet" /> appears as if the mouse is over it; otherwise false.</returns>
    </member>
    <member name="F:Microsoft.Windows.Themes.BulletChrome.RenderMouseOverProperty">
      <summary>Identifies the <see cref="P:Microsoft.Windows.Themes.BulletChrome.RenderMouseOver" /> dependency property.</summary>
      <returns>The identifier for the <see cref="P:Microsoft.Windows.Themes.BulletChrome.RenderMouseOver" /> dependency property.</returns>
    </member>
    <member name="P:Microsoft.Windows.Themes.BulletChrome.RenderPressed">
      <summary>Gets or sets a value indicating whether the <see cref="P:System.Windows.Controls.Primitives.BulletDecorator.Bullet" /> appears pressed. This is a dependency property. </summary>
      <returns>true if the <see cref="P:System.Windows.Controls.Primitives.BulletDecorator.Bullet" /> appears pressed; otherwise false.</returns>
    </member>
    <member name="F:Microsoft.Windows.Themes.BulletChrome.RenderPressedProperty">
      <summary>Identifies the <see cref="P:Microsoft.Windows.Themes.BulletChrome.RenderPressed" /> dependency property.</summary>
      <returns>The identifier for the <see cref="P:Microsoft.Windows.Themes.BulletChrome.RenderPressed" /> dependency property.</returns>
    </member>
    <member name="T:Microsoft.Windows.Themes.SystemDropShadowChrome">
      <summary>Creates a theme specific look for drop shadow effects.</summary>
    </member>
    <member name="M:Microsoft.Windows.Themes.SystemDropShadowChrome.#ctor">
      <summary>Initializes a new instance of the <see cref="T:Microsoft.Windows.Themes.SystemDropShadowChrome" /> class.</summary>
    </member>
    <member name="P:Microsoft.Windows.Themes.SystemDropShadowChrome.Color">
      <summary>Gets or sets the color used by the drop shadow. This is a dependency property. </summary>
      <returns>The color.</returns>
    </member>
    <member name="F:Microsoft.Windows.Themes.SystemDropShadowChrome.ColorProperty">
      <summary>Identifies the <see cref="P:Microsoft.Windows.Themes.SystemDropShadowChrome.Color" /> dependency property.</summary>
      <returns>The identifier for the <see cref="P:Microsoft.Windows.Themes.SystemDropShadowChrome.Color" /> dependency property.</returns>
    </member>
    <member name="P:Microsoft.Windows.Themes.SystemDropShadowChrome.CornerRadius">
      <summary>Gets or sets the radii of a rectangle's corners. This is a dependency property. </summary>
      <returns>The radii of a rectangle's corners.</returns>
    </member>
    <member name="F:Microsoft.Windows.Themes.SystemDropShadowChrome.CornerRadiusProperty">
      <summary>Identifies the <see cref="P:Microsoft.Windows.Themes.SystemDropShadowChrome.CornerRadius" /> dependency property.</summary>
      <returns>The identifier for the <see cref="P:Microsoft.Windows.Themes.SystemDropShadowChrome.CornerRadius" /> dependency property.</returns>
    </member>
  </members>
</doc>